INSERT INTO `genres`(`id`, `name`)
VALUES ('1','Comedia'),
('2','Drama'),
('3','Terror'),
('4','Fantasía'),
('5','Ciencia Ficción'),
('6','Aventura'),
('7','Animación'),
('8','Misterio');


INSERT INTO `film` (`id`, `description`, `img`, `name`, `rating`, `views`, `duration`, `url`) VALUES
(24, 'La trama consiste en una serie de escenas ilustrando en forma humorista las diversas clases de lazos, como los de la amistad, el matrimonio, y, el más importante, el Liberty Bond (Bono de la Libertad), esto es, el bono emitido por el gobierno de los Estados Unidos para ayudar a financiar los gastos de guerra. La película termina con el K.O. al káiser que hace Chaplin literalmente.', 'The Bond.jpg', 'The Bond', 0, 0, '00:10:52', 'The Bond.mp4'),
(28, 'Charlot es aprendiz de sastre, pero todo lo hace mal, toma las medidas de los labios, de las uñas, de los dedos. El sastre (Eric Campbell) lo manda a planchar, pero el descuido del aprendiz hace que la plancha queme toda la ropa. En uno de los trajes, aparece una invitación a una fiesta de alta sociedad, y está dirigida a un conde que no puede asistir. El sastre resuelve aprovecharse y hacerse pasar por el conde.\r\n\r\nCharlot, que está en la casa de la fiesta por su idilio con la cocinera, se adelanta a su patrón y se hace pasar él por el conde, y también hace pasar por su secretario al sastre. Charlot queda encantado de la elegante señorita que dirige la fiesta (Edna Purviance), come sopa con ella; pero, al no tener los modales de la alta sociedad, hace ruido sorbiendo la sopa, muerde la sandía, y, para no ensuciarse, usa una servilleta para protegerse la cara.', 'The Count.jpg', 'The Count', 0, 0, '00:20:10', 'The Count.mp4'),
(29, 'Tres hombres pelearán por el amor de una encantadora joven. Uno de ellos, Charlot, consigue sacarlos del juego haciendo trampa y usando un mazo y encerrándolos en un granero. Un niño precoz intenta, sin éxito, competir con Charlot.', 'The Fatal Mallet.jpg', 'The Fatal Mallet', 0, 0, '00:09:47', 'The Fatal Mallet.mp4'),
(30, 'Un joven le ofrece a Charlot, que está arruinado, un dólar por sacar a pasear a su tío inválido en su silla de ruedas mientras él visita a una amiga. Charlot pone la silla cerca de la de un pordiosero a quien sustrae el cartel de \"inválido\" y la taza poniéndolos cerca del tío lo que hace que empiece a producirle dinero con el cual Charlot compra bebida. Al volver, comienza a coquetear con una joven y después de empujar al tío en su silla y pelear con el mendigo y dos policías (uno de los cuales detiene al tío) se marcha con la joven.', 'The Good for Nothing.jpg', 'The Good for Nothing', 0, 0, '00:13:30', 'The Good for Nothing.mp4'),
(31, 'En 1897, a finales del siglo XIX, Jonathan Harker, recientemente recibido como abogado, debe viajar hasta Transilvania para que el Conde Drácula firme unos papeles referentes a unas propiedades que acaba de adquirir en Londres. El problema es que el conde no es quien dice ser: en realidad, es el mítico príncipe rumano Vlad Tepes, ferviente caballero de la Orden del Dragón, que se transformó en \"vampiro humano\" una vez que reveló toda su ira contra Dios y renunció a él, luego que el ejército turco, con la falsa noticia de su muerte en batalla, empujara al suicidio a su novia la princesa Elizabetha, el gran amor de su vida, y se tiñeran con su sangre y lágrimas las aguas del río Arges, a las que se arrojó. Extrañamente, la novia de Harker, Mina Murray, pasaría a ser la viva reencarnación de la princesa rumana cuatrocientos años después.', 'dracula.jpg', 'Dracula', 0, 0, '00:23:58', 'The Knockout.mp4'),
(32, 'Peter Venkman, Raymond \"Ray\" Stantz y Egon Spengler son científicos de la Universidad de Columbia que investigan lo paranormal. Tras su primer encuentro con un fantasma que se manifiesta en la Biblioteca Pública de Nueva York, el decano los despide y descarta la credibilidad de su investigación. En respuesta, crean \"Cazafantasmas\", un servicio de investigación y eliminación paranormal. Convierten una estación de bomberos en desuso, desarrollan equipos de alta tecnología para capturar y contener fantasmas y convierten un automóvil combinado en el \"Ectomobile\" (\"ectomóvil\") con la placa ECTO-1 para respaldar su negocio.', 'Los cazafantasmas.jpg', 'Los Cazafantasmas', 0, 0, '00:23:58', 'The Knockout.mp4'),
(33, 'Ha llegado un nuevo año en la elitista y conservadora escuela Welton, donde aparece un nuevo profesor: John Keating. Mientras esperan la presentación del nuevo profesor, este les pide que salgan del aula y en el pasillo cita un poema que Walt Whitman dedicó al presidente Abraham Lincoln: «Oh capitán, mi capitán». Poco después, se refiere a la clase de un alumno de primera generación e indica que no ha comprendido el concepto de carpe diem y que ahora, desde el más allá, pide a los nuevos alumnos que no pierdan lo que nunca podrán recuperar: el tiempo. En la clase, el profesor les pide que miren el cuadro de coordenadas que la introducción del libro utiliza para definir la poesía, y lo llama «basura» y les dice que arranquen esa página porque su concepción de la poesía es que no tiene estructura, ni reglas. Se trata de crear y pensar en algo, darle el énfasis que necesita y romper el molde.', 'el club de los poetas muertos.jpg', 'El club de los poetas muertos', 0, 0, '00:26:59', 'S01.mp4'),
(34, 'Chico (Charles Farrell)  limpiando las alcantarillas de París, soñando con ser ascendido y poder barrer las calles. Lamentándose de su destino, niega la existencia de Dios con el pretexto de su condición actual, lo que es escuchado por el padre Chevillon (Émile Chautard), quien al escuchar su queja, le regala dos medallas religiosas y le ofrece el trabajo de barrendero con el que sueña. Cerca de donde trabaja, vive Diane, una prostituta que vive en la miseria junto a su hermana Nana (Gladys Brockwell), la cual la golpea constantemente para que le dé dinero y satisfaga su alcoholismo. Después de que sus tíos aristócratas les ofrezcan una vida mejor si declaran que jamás han tenido una vida inmoral, Diane reconoce su vida de prostitución y los tíos las abandonan. Nana procede a golpear y dejar inconsciente a Diane, hasta que es salvada por Chico.', 'ElSeptimoCielo1927.jpg', 'El séptimo cielo', 0, 0, '00:09:11', 'The Masquerader.mp4'),
(35, 'Las dos huérfanas no es una película muda de Griffith que me lleve exactamente hasta las nubes, como en la trágica Lirios rotos y la inolvidable Intolerancia. Pero desde luego su melodrama histórico sobre injusticia y lucha de clases me resulta cautivador porque nunca pierde el sentido de epicidad durante las dos horas y media que dura la ucronía situada en el contexto de la Revolución francesa, así como lo consigue en su filme previo, Las dos tormentas. Se trata de la tercera adaptación al cine de la obra de teatro francesa Les Deux Orphelines, firmada por Adolphe d\'Ennery y Eugène Cormon. Su historia se ambienta en la Francia del siglo XVIII, donde se narra, primero, un prólogo en el que una bebé, nacida de la unión entre una aristócrata y un plebeyo, es abandonada a las puertas de la catedral de Notre Dame de París tras una disputa familiar y luego recogida por un campesino humilde que le pone el nombre de Louise, a la que cría junto a su propia hija Henriette. La mayor parte del argumento se desarrolla años después de ese incidente, cuando Louise y Henriette son ahora unas lindas señoritas que se quieren como hermanas y comparten la soledad de ser huérfanas, mientras llegan a la ciudad con la esperanza de que algún doctor logre curar la ceguera de la primera y, además, son víctimas inmediatas de una desgracia que las separa y de una revuelta de gente pobre bastante desesperada que desea acabar con los atropellos de los ricos, en el camino de figuras históricas como Danton (pintado como humanista y honrado), Robespierre (mostrado como déspota y tiránico) y el rey Louis XVI.', 'Lasdoshuerfanas1921.jpg', 'Las dos huérfanas', 0, 0, '00:09:47', 'The Fatal Mallet.mp4'),
(36, 'Dos malabaristas giran en una barra horizontal con un sorpresivo toque cómico. ', 'Komisches Reck1895.jpg', 'Extraña barra horizontal', 0, 0, '00:13:30', 'The Good for Nothing.mp4');

INSERT INTO `film_genre` (`film_id`, `genre_id`) VALUES
(31, 2),
(31, 3),
(33, 1),
(33, 2),
(34, 2),
(36, 4),
(36, 7),
(35, 1),
(35, 6),
(32, 4),
(32, 5),
(32, 6),
(24, 1),
(24, 2),
(28, 1),
(28, 6),
(28, 8),
(29, 3),
(29, 5),
(30, 4),
(30, 6);


INSERT INTO `serie` (`id`, `description`, `img`, `name`, `rating`, `views`) VALUES
(1, 'Trata de resolver misterios', 'Sherlock Holmes.jpg', 'Sherlock Holmes', 5, 260),
(13, 'La primera aparición del personaje fue en 1933, en un programa de radio estadounidense de la estación WXYZ (Detroit), creado por el dueño de la estación, George W. Trendle,​ o bien por Fran Striker,​ quien escribía el programa.​​ El programa de radio se convirtió en un éxito y dio lugar a una serie de libros (escritos en gran parte por Striker), un programa de televisión igualmente popular que se emitió entre 1949 y 1957, cómics y varias películas.', 'ElLLnaeroSolitario.jpg', 'El llanero Solitario', 0, 0),
(14, 'Las historias seguían las aventuras del siglo 30 del comandante en jefe Buzz Corry de la Patrulla Espacial de Planetas Unidos y su joven compañero Cadet Happy , mientras se enfrentaban a villanos interplanetarios con planes diabólicos.', 'SpacePatrol.jpg', 'Space Patrol', 0, 0),
(15, 'La serie fue escrita por el guionista de la BBC Televisión Nigel Kneale, que había sido un actor y escritor premiado antes de unirse a la BBC. El director de la sección dramática de la BBC Televisión, Michael Barry, había comprometido la mayor parte de su presupuesto original para guiones de ese año en emplear a Kneale.​ Su interés por la ciencia, en particular, por la idea de que la \'ciencia podía ir mal\',​ llevó a Kneale a escribir The Quatermass Experiment. El proyecto se originó cuando surgió un espacio en el horario de la BBC para una serie de seis semanas que fuera emitida los sábados por la noche en el verano de 1953 y la idea de Kneale era llenarlo con «una historia desconcertante, más que terrible».', 'QuaterExperim.jpg', 'The Quatermass Experiment', 0, 0),
(16, 'Cisco Kid y su compañero Pancho recorren el viejo Oeste para corregir lo equivocado y luchar contra la injusticia dondequiera que vayan.', 'CiskoKid.jpg', 'The Cisco Kid', 0, 0);


INSERT INTO `serie_genre` (`serie_id`, `genre_id`) VALUES
(1, 6),
(1, 8),
(13, 4),
(13, 6),
(14, 3),
(14, 4),
(15, 4),
(15, 5),
(16, 1),
(16, 2);



INSERT INTO `card` (`id`, `card_number`, `card_user`, `cvv`, `expiration_date`) VALUES
(1, NULL, NULL, NULL, NULL),
(2, NULL, NULL, NULL, NULL),
(3, NULL, NULL, NULL, NULL),
(4, '987654', 'Josesito', '234', '2024-02-15'),
(5, NULL, NULL, NULL, NULL),
(9, NULL, NULL, NULL, NULL);



INSERT INTO `user` (`id`, `admin`, `date_birth`, `email`, `img`, `last_name`, `name`, `password`, `second_last_name`, `card_id`) VALUES
(1, b'1', NULL, 'jose@jose.com', NULL, NULL, NULL, '123', NULL, NULL),
(2, b'0', NULL, 'user@user.com', NULL, NULL, NULL, '123', NULL, 1),
(3, b'0', NULL, 'user2@user.com', NULL, NULL, NULL, '123', NULL, 2),
(4, b'0', NULL, 'fran@fran.com', NULL, NULL, NULL, '123', NULL, 3),
(5, b'1', NULL, 'admin@admin.com', NULL, NULL, NULL, '123', NULL, NULL),
(6, b'0', '2017-02-04', 'user3@user.com', NULL, NULL, NULL, '123', NULL, 4),
(7, b'0', NULL, 'averaver@ahas.com', NULL, NULL, NULL, '123', NULL, 5),
(11, b'0', NULL, 'user5@user.com', NULL, NULL, NULL, '123', NULL, 9);


INSERT INTO `chapter` (`id`, `duration`, `img`, `name`, `number`, `synopsis`, `url`) VALUES
(7, '00:03:00', NULL, 'Estudio en rosa', 1, 'Antes de convertirse en el mejor detective del mundo, Sherlock Holmes era un formidable rebelde con ganas de probar su valía. Cuando la antigua herida de la muerte de su madre le obliga a regresar a la costa del Mediterráneo donde murió, parece que se le presenta la oportunidad perfecta para ello. Pero bajo la apariencia urbana y vibrante de la isla, el pulso de la vida entona un ritmo ominoso. El crimen, la corrupción, un retorcido sentido de la justicia y la moralidad... estos son sólo algunos de los escollos con los que Sherlock se topará en su búsqueda de la verdad.', '1.mp4'),
(8, '00:03:00', NULL, 'Un escándalo en Bohemia', 2, 'Watson hace una visita nocturna a su amigo Holmes en su casa de Baker Street. Al entrar, el detective le informará que está esperando a un cliente con un caso relativo a la familia real del reino de Bohemia.\r\n\r\nNecesita recuperar una fotografía suya con una mujer, una hermosa actriz, que lo chantajea con publicarla y arruinar así su futuro matrimonio.\r\n\r\nHolmes acepta el caso ya que le resulta muy interesante y trae consigo una buena suma de dinero.\r\n\r\nLo que no sabe Holmes es que topará con la astucia y la belleza de Irene Adler, la mujer del retrato, que termina convirtiéndose en una auténtica obsesión para el detective.', '2.mp4'),
(9, '00:03:00', NULL, 'El gran juego', 3, 'Sherlock Holmes critica a un gramaticalmente incorrecto asesino acusado, y rechaza ayudarle. En casa, discute con John porque este último escribió en su blog que aunque Sherlock era brillante, carecía de cultura general. Tras una discusión en la que Sherlock le aclara a su amigo que en realidad él eligió no saber cosas como esas (incluyendo el sistema solar) John se va a dormir a casa de su novia, y por la mañana se entera de que la noche anterior hubo una explosión en Baker Street. Vuelve al piso, encontrando a un intacto Sherlock hablando con su hermano Mycroft, que quiere que investigue el asesinato del empleado del MI6 Andrew \"Westie\" West.', '3.mp4'),
(10, '00:03:00', NULL, 'Escándalo en Belgravia', 1, 'Mycroft convence a Sherlock Holmes para que recupere unas fotografías tomadas por Irene Adler, una dominatrix que pretende implicar en un escándalo a la Familia Real británica. Holmes descubre muy pronto que Irene es tan inteligente como él.', '4.mp4'),
(11, '00:00:29', NULL, 'Los perros de Baskerville', 2, 'Sherlock recibe la visita de un joven que de niño observó como su padre fue asesinado por un sabueso, muy cerca del laboratorio de investigación Baskerville, donde se sospecha que se realizan ciertas pruebas con animales.', '21.mp4'),
(12, '00:00:29', NULL, 'Llega el llanero', 1, 'Continúa Dubois acerca de la impronta de los atuendos de estilo western: “El llanero original usaba un catsuit celeste y un sombrero blanco, a la distancia su vestuario resulta ropa para ir a la disco. En la construcción de la estética investigué la del western”,', '21.mp4'),
(13, '00:00:29', NULL, 'Acaba el entendimiento', 2, '​ Se haría famosa la frase de El Llanero Solitario cuando, montado en su caballo blanco Plata, cabalgaba hacia el sol poniente gritando: “¡Hi-yo, Silver, away!” (“¡Arre, Plata, adelante!”). El actor Clayton Moore, en el papel de El llanero solitario.', '22.mp4'),
(14, '00:00:29', NULL, 'Vamos al espacio', 1, 'El programa estaba dirigido a niños, pero atrajo a una audiencia adulta considerable. Muchos episodios presentaban productos comerciales vinculados , como juguetes y primas de pedidos por correo , que se anunciaban durante las pausas comerciales.', '24.mp4'),
(15, '00:00:29', 'dracula.jpg', 'Llegamos al espacio', 2, 'El programa patrocinó un club de Patrulla Espacial , al que los espectadores podían unirse. Los continuos vínculos de mercancías perpetuaron la conexión, produciendo un número de seguidores tan considerable que muchas de las revistas del país hicieron una crónica del fenómeno.', '23.mp4'),
(16, '00:00:29', NULL, 'Piloto', 1, 'Cada episodio era ensayado de lunes a viernes en la Casa del Movimiento estudiantil en Gower Street en Londres.', '22.mp4'),
(17, '00:03:00', NULL, 'El miedo', 1, 'Cisco Kid era un mujeriego encantador, vestido con un traje negro muy bordado, y su compañero Pancho aportó humor a la serie con sus comentarios con mucho acento. Duncan Renaldo dijo sobre Leo Carrillo interpretando a Pancho: \"Su acento era tan exagerado que cuando terminábamos una película, nadie en el elenco o el equipo podía hablar inglés normal\". Cisco Kid montó un caballo llamado Diablo y Pancho montó a Loco. ', '5.mp4'),
(18, '00:00:29', NULL, 'Venganza', 2, 'En 1956 la serie fue doblada a idiomas extranjeros y distribuida en veinte países, entre ellos Francia, Italia, Suiza, Luxemburgo, Bélgica, Cuba, Puerto Rico, Argentina y República Dominicana.', '23.mp4');


INSERT INTO `season` (`id`, `number`) VALUES
(4, 1),
(5, 2),
(6, 1),
(7, 1),
(8, 1),
(9, 1);

INSERT INTO `season_chapters` (`season_id`, `chapters_id`) VALUES
(4, 7),
(4, 8),
(4, 9),
(5, 10),
(5, 11),
(6, 12),
(6, 13),
(7, 14),
(7, 15),
(8, 16),
(9, 17),
(9, 18);


INSERT INTO `serie_seasons` (`serie_id`, `seasons_id`) VALUES
(1, 4),
(1, 5),
(13, 6),
(14, 7),
(15, 8),
(16, 9);

INSERT INTO `user_recommended_film` (`user_id`, `film_id`) VALUES
(6, 10),
(6, 7),
(7, 7),
(7, 10),
(11, 10),
(11, 7);

INSERT INTO `user_recommended_series` (`user_id`, `serie_id`) VALUES
(6, 10),
(6, 12),
(6, 6),
(6, 11),
(6, 4),
(6, 1),
(6, 3),
(6, 2),
(6, 10),
(6, 8),
(7, 11),
(7, 6),
(7, 8),
(7, 10),
(7, 4),
(7, 3),
(7, 7),
(7, 2),
(7, 6),
(7, 1),
(11, 4),
(11, 2),
(11, 9),
(11, 6),
(11, 7),
(11, 12),
(11, 8),
(11, 3),
(11, 1),
(11, 5);

