INSERT INTO `genres`(`id`, `name`)
VALUES ('1','Comedia'),
('2','Drama'),
('3','Terror'),
('4','Fantasía'),
('5','Ciencia Ficción'),
('6','Aventura'),
('7','Animación'),
('8','Misterio');


INSERT INTO `film` (`id`, `description`, `img`, `name`, `rating`, `views`, `duration`, `url`) VALUES
(7, 'El hombre verde', 'nohay', 'Hulk', 1, 0, '1:00:30', '47'),
(10, 'Comedia comediosa', 'nohay', 'La vida de Pi', 1, 0, '1:00:30', '47'),
(24, 'La trama consiste en una serie de escenas ilustrando en forma humorista las diversas clases de lazos, como los de la amistad, el matrimonio, y, el más importante, el Liberty Bond (Bono de la Libertad), esto es, el bono emitido por el gobierno de los Estados Unidos para ayudar a financiar los gastos de guerra. La película termina con el K.O. al káiser que hace Chaplin literalmente.', 'The Bond.jpg', 'The Bond', 0, 0, '', 'The Bond.mp4'),
(28, 'Charlot es aprendiz de sastre, pero todo lo hace mal, toma las medidas de los labios, de las uñas, de los dedos. El sastre (Eric Campbell) lo manda a planchar, pero el descuido del aprendiz hace que la plancha queme toda la ropa. En uno de los trajes, aparece una invitación a una fiesta de alta sociedad, y está dirigida a un conde que no puede asistir. El sastre resuelve aprovecharse y hacerse pasar por el conde.\r\n\r\nCharlot, que está en la casa de la fiesta por su idilio con la cocinera, se adelanta a su patrón y se hace pasar él por el conde, y también hace pasar por su secretario al sastre. Charlot queda encantado de la elegante señorita que dirige la fiesta (Edna Purviance), come sopa con ella; pero, al no tener los modales de la alta sociedad, hace ruido sorbiendo la sopa, muerde la sandía, y, para no ensuciarse, usa una servilleta para protegerse la cara.', 'The Count.jpg', 'The Count', 0, 0, '', 'The Count.mp4'),
(29, 'Tres hombres pelearán por el amor de una encantadora joven. Uno de ellos, Charlot, consigue sacarlos del juego haciendo trampa y usando un mazo y encerrándolos en un granero. Un niño precoz intenta, sin éxito, competir con Charlot.', 'The Fatal Mallet.jpg', 'The Fatal Mallet', 0, 0, '', 'The Fatal Mallet.mp4'),
(30, 'Un joven le ofrece a Charlot, que está arruinado, un dólar por sacar a pasear a su tío inválido en su silla de ruedas mientras él visita a una amiga. Charlot pone la silla cerca de la de un pordiosero a quien sustrae el cartel de \"inválido\" y la taza poniéndolos cerca del tío lo que hace que empiece a producirle dinero con el cual Charlot compra bebida. Al volver, comienza a coquetear con una joven y después de empujar al tío en su silla y pelear con el mendigo y dos policías (uno de los cuales detiene al tío) se marcha con la joven.', 'The Good for Nothing.jpg', 'The Good for Nothing', 0, 0, '', 'The Good for Nothing.mp4'),
(31, 'En 1897, a finales del siglo XIX, Jonathan Harker, recientemente recibido como abogado, debe viajar hasta Transilvania para que el Conde Drácula firme unos papeles referentes a unas propiedades que acaba de adquirir en Londres. El problema es que el conde no es quien dice ser: en realidad, es el mítico príncipe rumano Vlad Tepes, ferviente caballero de la Orden del Dragón, que se transformó en \"vampiro humano\" una vez que reveló toda su ira contra Dios y renunció a él, luego que el ejército turco, con la falsa noticia de su muerte en batalla, empujara al suicidio a su novia la princesa Elizabetha, el gran amor de su vida, y se tiñeran con su sangre y lágrimas las aguas del río Arges, a las que se arrojó. Extrañamente, la novia de Harker, Mina Murray, pasaría a ser la viva reencarnación de la princesa rumana cuatrocientos años después.', 'dracula.jpg', 'Dracula', 0, 0, '', 'The Knockout.mp4'),
(32, 'Peter Venkman, Raymond \"Ray\" Stantz y Egon Spengler son científicos de la Universidad de Columbia que investigan lo paranormal. Tras su primer encuentro con un fantasma que se manifiesta en la Biblioteca Pública de Nueva York, el decano los despide y descarta la credibilidad de su investigación. En respuesta, crean \"Cazafantasmas\", un servicio de investigación y eliminación paranormal. Convierten una estación de bomberos en desuso, desarrollan equipos de alta tecnología para capturar y contener fantasmas y convierten un automóvil combinado en el \"Ectomobile\" (\"ectomóvil\") con la placa ECTO-1 para respaldar su negocio.', 'Los cazafantasmas.jpg', 'Los Cazafantasmas', 0, 0, '', 'The Knockout.mp4'),
(33, 'Ha llegado un nuevo año en la elitista y conservadora escuela Welton, donde aparece un nuevo profesor: John Keating. Mientras esperan la presentación del nuevo profesor, este les pide que salgan del aula y en el pasillo cita un poema que Walt Whitman dedicó al presidente Abraham Lincoln: «Oh capitán, mi capitán». Poco después, se refiere a la clase de un alumno de primera generación e indica que no ha comprendido el concepto de carpe diem y que ahora, desde el más allá, pide a los nuevos alumnos que no pierdan lo que nunca podrán recuperar: el tiempo. En la clase, el profesor les pide que miren el cuadro de coordenadas que la introducción del libro utiliza para definir la poesía, y lo llama «basura» y les dice que arranquen esa página porque su concepción de la poesía es que no tiene estructura, ni reglas. Se trata de crear y pensar en algo, darle el énfasis que necesita y romper el molde.', 'el club de los poetas muertos.jpg', 'El club de los poetas muertos', 0, 0, '', 'S01.mp4'),
(34, 'Chico (Charles Farrell) trabaja limpiando las alcantarillas de París, soñando con ser ascendido y poder barrer las calles. Lamentándose de su destino, niega la existencia de Dios con el pretexto de su condición actual, lo que es escuchado por el padre Chevillon (Émile Chautard), quien al escuchar su queja, le regala dos medallas religiosas y le ofrece el trabajo de barrendero con el que sueña. Cerca de donde trabaja, vive Diane, una prostituta que vive en la miseria junto a su hermana Nana (Gladys Brockwell), la cual la golpea constantemente para que le dé dinero y satisfaga su alcoholismo. Después de que sus tíos aristócratas les ofrezcan una vida mejor si declaran que jamás han tenido una vida inmoral, Diane reconoce su vida de prostitución y los tíos las abandonan. Nana procede a golpear y dejar inconsciente a Diane, hasta que es salvada por Chico.', 'ElSeptimoCielo1927.jpg', 'El séptimo cielo', 0, 0, '', 'The Masquerader.mp4'),
(35, 'Las dos huérfanas no es una película muda de Griffith que me lleve exactamente hasta las nubes, como en la trágica Lirios rotos y la inolvidable Intolerancia. Pero desde luego su melodrama histórico sobre injusticia y lucha de clases me resulta cautivador porque nunca pierde el sentido de epicidad durante las dos horas y media que dura la ucronía situada en el contexto de la Revolución francesa, así como lo consigue en su filme previo, Las dos tormentas. Se trata de la tercera adaptación al cine de la obra de teatro francesa Les Deux Orphelines, firmada por Adolphe d\'Ennery y Eugène Cormon. Su historia se ambienta en la Francia del siglo XVIII, donde se narra, primero, un prólogo en el que una bebé, nacida de la unión entre una aristócrata y un plebeyo, es abandonada a las puertas de la catedral de Notre Dame de París tras una disputa familiar y luego recogida por un campesino humilde que le pone el nombre de Louise, a la que cría junto a su propia hija Henriette. La mayor parte del argumento se desarrolla años después de ese incidente, cuando Louise y Henriette son ahora unas lindas señoritas que se quieren como hermanas y comparten la soledad de ser huérfanas, mientras llegan a la ciudad con la esperanza de que algún doctor logre curar la ceguera de la primera y, además, son víctimas inmediatas de una desgracia que las separa y de una revuelta de gente pobre bastante desesperada que desea acabar con los atropellos de los ricos, en el camino de figuras históricas como Danton (pintado como humanista y honrado), Robespierre (mostrado como déspota y tiránico) y el rey Louis XVI.', 'Lasdoshuerfanas1921.jpg', 'Las dos huérfanas', 0, 0, '', 'The Fatal Mallet.mp4'),
(36, 'Dos malabaristas giran en una barra horizontal con un sorpresivo toque cómico. ', 'Komisches Reck1895.jpg', 'Extraña barra horizontal', 0, 0, '', 'The Good for Nothing.mp4');

INSERT INTO `film_genre` (`film_id`, `genre_id`) VALUES
(7, 8),(10, 7),(24, 1),
(24, 2),(28, 1),(28, 6),
(28, 8),(29, 3),(29, 5),
(30, 4),(30, 6),(31, 2),
(31, 3),(32, 4),(32, 5),
(32, 6),(33, 1),(33, 2),
(34, 2),(35, 1),(35, 6),
(36, 4),(36, 7);

INSERT INTO `serie`(`id`, `description`, `img`, `name`, `rating`, `views`)
VALUES ('1','Trata de resolver misterios','Sherlock Holmes.jpg','Sherlock Holmes','5','260'),
('2','Sherlock descubre a Watson','','Vivaldi','5','192'),
('3','Ash compra a Pikachu','','Pokemon 62','1','22'),
('4','La encrucijada','','Grandes','5','192'),
('5','El salvajismo','','Visigodos','5','260'),
('6','Sherlock descubre a Moriarty','','Aztecas','5','192'),
('7','Ash compra a Charizard','','Francia','1','22'),
('8','Ash compra a Squitrle','','Toledo','1','22'),
('9','Ash compra a Venusaur','','Traicion','1','22'),
('10','Sherlock pelea con Moriarty p1','','Venganza','5','192'),
('11','Sherlock pelea con Moriarty p2','','Todo','5','192'),
('12','Ash pierde la liga','','Nada','1','22');


INSERT INTO `serie_genre`(`serie_id`, `genre_id`) VALUES ('1','6'),
('1','8'),('2','8'),
('3','1'),('3','2'),('3','3'),
('4','8'),('5','8'),('6','1'),
('6','2'),('7','8'),('8','8'),
('8','1'),('8','2'),('9','8'),
('10','7'),('11','1'),('12','2');


INSERT INTO `card` (`id`, `card_number`, `card_user`, `cvv`, `expiration_date`) VALUES
(1, NULL, NULL, NULL, NULL),
(2, NULL, NULL, NULL, NULL),
(3, NULL, NULL, NULL, NULL),
(4, '987654', 'Josesito', '234', '2024-02-15'),
(5, NULL, NULL, NULL, NULL),
(9, NULL, NULL, NULL, NULL);



INSERT INTO `user` (`id`, `admin`, `date_birth`, `email`, `img`, `last_name`, `name`, `password`, `second_last_name`, `card_id`) VALUES
(1, b'1', NULL, 'jose@jose.com', NULL, NULL, NULL, '123', NULL, NULL),
(2, b'0', NULL, 'user@user.com', NULL, NULL, NULL, '123', NULL, 1),
(3, b'0', NULL, 'user2@user.com', NULL, NULL, NULL, '123', NULL, 2),
(4, b'0', NULL, 'fran@fran.com', NULL, NULL, NULL, '123', NULL, 3),
(5, b'1', NULL, 'admin@admin.com', NULL, NULL, NULL, '123', NULL, NULL),
(6, b'0', '2017-02-04', 'user3@user.com', NULL, NULL, NULL, '123', NULL, 4),
(7, b'0', NULL, 'averaver@ahas.com', NULL, NULL, NULL, '123', NULL, 5),
(11, b'0', NULL, 'user5@user.com', NULL, NULL, NULL, '123', NULL, 9);


INSERT INTO `chapter` (`id`, `duration`, `img`, `name`, `number`, `synopsis`, `url`) VALUES
(1, '22:36', NULL, 'El Comienzo', 1, 'Parece que empieza la aventura de una forma inusual', NULL),
(2, '19:56', NULL, 'Primera Pista', 2, 'Después del primer asesinato, parece que se encuentran con la bestia.', NULL),
(3, '20:13', NULL, 'Mi primer Pokemon', 1, 'Ash empieza la aventura de capturar a los 4398116 pokemon.', NULL),
(4, '22:36', NULL, 'El Amanecer', 1, 'Amanece de forma sorprendente', NULL),
(5, '22:36', NULL, 'Ahora Bulbasaur', 2, 'Por fin obtiene al inicial', NULL);

INSERT INTO `season` (`id`, `number`) VALUES
(1, 1),
(2, 2),
(3, 1);

INSERT INTO `season_chapters` (`season_id`, `chapters_id`) VALUES
(1, 1),
(1, 2),
(2, 4),
(3, 3),
(3, 5);

INSERT INTO `serie_seasons` (`serie_id`, `seasons_id`) VALUES
(1, 1),
(1, 2),
(3, 3);

INSERT INTO `user_recommended_film` (`user_id`, `film_id`) VALUES
(6, 10),
(6, 7),
(7, 7),
(7, 10),
(11, 10),
(11, 7);

INSERT INTO `user_recommended_series` (`user_id`, `serie_id`) VALUES
(6, 10),
(6, 12),
(6, 6),
(6, 11),
(6, 4),
(6, 1),
(6, 3),
(6, 2),
(6, 10),
(6, 8),
(7, 11),
(7, 6),
(7, 8),
(7, 10),
(7, 4),
(7, 3),
(7, 7),
(7, 2),
(7, 6),
(7, 1),
(11, 4),
(11, 2),
(11, 9),
(11, 6),
(11, 7),
(11, 12),
(11, 8),
(11, 3),
(11, 1),
(11, 5);
